--Nick Soetaert
--December 4, 2018


@325design;

-- Player Table --

insert into player
values
('987654321', 'Nicholas', 'Soetaert');

insert into player
values
('123456789', 'Estuardo', 'Valenzuela');

insert into player
values
('234567890', 'Bob', 'Billy');

insert into player
values
('345678901', 'Carrol', 'Canter');

insert into player
values
('456789012', 'Dylan', 'Danger');

insert into player
values
('567890123', 'Erin', 'Eisenhower');

insert into player
values
('678901234', 'Fred', 'Flinstone');

insert into player
values
('789012345', 'George', 'Georgia');

insert into player
values
('890123456', 'Harry', 'Hunter');

insert into player
values
('901234567', 'Irene', 'Ingacio');

insert into player
values
('012345678', 'Jill', 'Jackson');

insert into player 
values
('223456789', 'Agar', 'Azzir');

insert into player 
values
('334567890', 'Billy', 'Tyrell');

insert into player 
values
('445678901', 'Caroline', 'Center');

insert into player 
values
('556789012', 'Donald', 'Dice');

insert into player 
values
('667890123', 'Enrique', 'Ent');

insert into player 
values
('778901234', 'Fred', 'Fornter');

insert into player 
values
('889012345', 'Goffery', 'Baratheon');

insert into player 
values
('990123456', 'Harry', 'Potter');

insert into player 
values
('001234567', 'Ivan', 'Ibers');

insert into  player
values
('112345678', 'Jan', 'Smith');

insert into player 
values
('211111111', 'Kophry', 'Stan');


-- End Player Table --

-- club_club_member table --

insert into club_member
values
('987654321', 'nes239');

insert into club_member
values
('123456789', 'eiv10');

insert into club_member 
values
('223456789', 'aa325');

insert into club_member 
values
('334567890', 'bre232');

insert into club_member 
values
('445678901', 'Cor323');

insert into club_member 
values
('556789012', 'Dd321');

insert into club_member 
values
('667890123', 'Ete232');

insert into club_member 
values
('778901234', 'Fff111');

insert into club_member 
values
('889012345', 'Gb123');

insert into club_member 
values
('990123456', 'Hp690');

insert into club_member 
values
('001234567', 'Iii421');

insert into  club_member
values
('112345678', 'asd123');

insert into club_member 
values
('211111111', 'kvs222');

-- End club_member table --

-- Officer table --

insert into officer
values
('123456789');

insert into officer
values
('987654321');


-- End officer table --

-- Officer_role table --

insert into officer_role
values
('987654321', 'President');

insert into officer_role
values
('123456789', 'VicePresident');

insert into officer_role
values
('123456789', 'Treasurer');


-- End Officer_role table--

-- Game_venue table --
insert into Game_venue
values
('313');

insert into Game_venue
values
('315');

-- End Game_venue --

-- Meeting --
insert into meeting 
values
('313', '21-AUG-2018');

insert into meeting 
values
('313', '28-AUG-2018');

insert into meeting 
values
('313', '03-SEP-2018');

insert into meeting 
values
('313', '10-SEP-2018');

insert into meeting 
values
('313', '17-SEP-2018');

insert into meeting 
values
('313', '24-SEP-2018');

insert into meeting 
values
('313', '1-OCT-18');

insert into  meeting
values
('313', '8-OCT-18');

insert into meeting 
values
('313', '15-OCT-18');

insert into meeting
values
('313', '22-OCT-18');

insert into meeting 
values
('313', '29-OCT-18');

insert into meeting 
values
('313', '05-NOV-18');

insert into meeting 
values
('313', '19-NOV-18');

insert into meeting 
values
('313', '26-NOV-18');

--tournament
insert into meeting
values
('315', '1-DEC-18');

-- End meeting --

-- Regular_attendance (352 lines) --

insert into Regular_attendance
values
('313', '21-AUG-18', '123456789');

insert into Regular_attendance
values
('313', '21-AUG-18', '987654321');

insert into Regular_attendance
values
('313', '21-AUG-18', '211111111');

insert into Regular_attendance
values
('313', '21-AUG-18', '778901234');

insert into Regular_attendance
values
('313', '21-AUG-18', '334567890');

insert into Regular_attendance
values
('313', '21-AUG-18', '223456789');

insert into Regular_attendance
values
('313', '21-AUG-18', '556789012');

insert into Regular_attendance
values
('313', '21-AUG-18', '667890123');

insert into Regular_attendance
values
('313', '21-AUG-18', '001234567');

insert into Regular_attendance
values
('313', '21-AUG-18', '990123456');

insert into Regular_attendance
values
('313', '21-AUG-18', '889012345');

---------------------------------

insert into Regular_attendance
values
('313', '28-AUG-18', '123456789');

insert into Regular_attendance
values
('313', '28-AUG-18', '987654321');

insert into Regular_attendance
values
('313', '28-AUG-18', '211111111');

insert into Regular_attendance
values
('313', '28-AUG-18', '001234567');

insert into Regular_attendance
values
('313', '28-AUG-18', '889012345');

insert into Regular_attendance
values
('313', '28-AUG-18', '667890123');

---------------------------------

insert into Regular_attendance
values
('313', '03-SEP-18', '556789012');

insert into Regular_attendance
values
('313', '03-SEP-18', '334567890');

insert into Regular_attendance
values
('313', '03-SEP-18', '123456789');

insert into Regular_attendance
values
('313', '03-SEP-18', '990123456');

insert into Regular_attendance
values
('313', '03-SEP-18', '112345678');

insert into Regular_attendance
values
('313', '03-SEP-18', '001234567');

insert into Regular_attendance
values
('313', '03-SEP-18', '889012345');

insert into Regular_attendance
values
('313', '03-SEP-18', '789012345');

insert into Regular_attendance
values
('313', '03-SEP-18', '345678901');

---------------------------------

insert into Regular_attendance
values
('313', '10-SEP-18', '123456789');

insert into Regular_attendance
values
('313', '10-SEP-18', '987654321');

insert into Regular_attendance
values
('313', '10-SEP-18', '001234567');

insert into Regular_attendance
values
('313', '10-SEP-18', '889012345');

insert into Regular_attendance
values
('313', '10-SEP-18', '778901234');

insert into Regular_attendance
values
('313', '10-SEP-18', '556789012');

insert into Regular_attendance
values
('313', '10-SEP-18', '789012345');

---------------------------------

insert into Regular_attendance
values
('313', '17-SEP-18', '345678901');

insert into Regular_attendance
values
('313', '17-SEP-18', '678901234');

insert into Regular_attendance
values
('313', '17-SEP-18', '223456789');

insert into Regular_attendance
values
('313', '17-SEP-18', '556789012');

insert into Regular_attendance
values
('313', '17-SEP-18', '778901234');

insert into Regular_attendance
values
('313', '17-SEP-18', '990123456');

insert into Regular_attendance
values
('313', '17-SEP-18', '123456789');

insert into Regular_attendance
values
('313', '17-SEP-18', '987654321');

---------------------------------

insert into Regular_attendance
values
('313', '24-SEP-18', '123456789');

insert into Regular_attendance
values
('313', '24-SEP-18', '901234567');

insert into Regular_attendance
values
('313', '24-SEP-18', '334567890');

insert into Regular_attendance
values
('313', '24-SEP-18', '556789012');

insert into Regular_attendance
values
('313', '24-SEP-18', '001234567');

insert into Regular_attendance
values
('313', '24-SEP-18', '211111111');

insert into Regular_attendance
values
('313', '24-SEP-18', '112345678');

---------------------------------

insert into Regular_attendance
values
('313', '1-OCT-18', '123456789');

insert into Regular_attendance
values
('313', '1-OCT-18', '987654321');

insert into Regular_attendance
values
('313', '1-OCT-18', '556789012');

insert into Regular_attendance
values
('313', '1-OCT-18', '223456789');

insert into Regular_attendance
values
('313', '1-OCT-18', '012345678');

insert into Regular_attendance
values
('313', '1-OCT-18', '789012345');

---------------------------------

insert into  Regular_attendance
values
('313', '8-OCT-18', '123456789');

insert into  Regular_attendance
values
('313', '8-OCT-18', '987654321');

insert into  Regular_attendance
values
('313', '8-OCT-18', '901234567');

insert into  Regular_attendance
values
('313', '8-OCT-18', '223456789');

insert into  Regular_attendance
values
('313', '8-OCT-18', '334567890');

insert into  Regular_attendance
values
('313', '8-OCT-18', '556789012');

insert into  Regular_attendance
values
('313', '8-OCT-18', '667890123');

---------------------------------

insert into Regular_attendance
values
('313', '15-OCT-18', '123456789');

insert into Regular_attendance
values
('313', '15-OCT-18', '987654321');

insert into Regular_attendance
values
('313', '15-OCT-18', '667890123');

insert into Regular_attendance
values
('313', '15-OCT-18', '001234567');

insert into Regular_attendance
values
('313', '15-OCT-18', '211111111');

---------------------------------

insert into Regular_attendance
values
('313', '22-OCT-18', '123456789');

insert into Regular_attendance
values
('313', '22-OCT-18', '987654321');

insert into Regular_attendance
values
('313', '22-OCT-18', '667890123');

insert into Regular_attendance
values
('313', '22-OCT-18', '001234567');

---------------------------------

insert into Regular_attendance
values
('313', '29-OCT-18', '123456789');

insert into Regular_attendance
values
('313', '29-OCT-18', '987654321');

insert into Regular_attendance
values
('313', '29-OCT-18', '667890123');

insert into Regular_attendance
values
('313', '29-OCT-18', '001234567');

insert into Regular_attendance
values
('313', '29-OCT-18', '211111111');

insert into Regular_attendance
values
('313', '29-OCT-18', '789012345');

---------------------------------

insert into Regular_attendance
values
('313', '05-NOV-18', '123456789');

insert into Regular_attendance
values
('313', '05-NOV-18', '987654321');

insert into Regular_attendance
values
('313', '05-NOV-18', '667890123');

insert into Regular_attendance
values
('313', '05-NOV-18', '001234567');

insert into Regular_attendance
values
('313', '05-NOV-18', '334567890');

insert into Regular_attendance
values
('313', '05-NOV-18', '889012345');

-- End Regular_attendance --

-- Tournament --

insert into Tournament
values
('315', '1-DEC-2018', '234567890');

-- End Tournament --

-- Tournament bracket --

insert into Tournament_attendance
values
('315', '1-DEC-2018', '123456789');

insert into Tournament_attendance
values
('315', '1-DEC-2018', '889012345');

insert into Tournament_attendance
values
('315', '1-DEC-2018', '234567890');

insert into Tournament_attendance
values
('315', '1-DEC-2018', '445678901');

insert into Tournament_attendance
values
('315', '1-DEC-2018', '556789012');

insert into Tournament_attendance
values
('315', '1-DEC-2018', '778901234');

insert into Tournament_attendance
values
('315', '1-DEC-2018', '990123456');

insert into Tournament_attendance
values
('315', '1-DEC-2018', '012345678');

insert into Tournament_attendance
values
('315', '1-DEC-2018', '112345678');

insert into Tournament_attendance
values
('315', '1-DEC-2018', '211111111');

insert into Tournament_attendance
values
('315', '1-DEC-2018', '456789012');

insert into Tournament_attendance
values
('315', '1-DEC-2018', '567890123');

insert into Tournament_attendance
values
('315', '1-DEC-2018', '001234567');

insert into Tournament_attendance
values
('315', '1-DEC-2018', '987654321');


-- End tournament bracket --


-- Game table --

insert into Game
values
('00000', '345678901', '890123456', 0, 1, '03-SEP-2018', 313);

insert into Game
values
('00001', '001234567', '334567890', 0, 1, '24-SEP-2018', 313);

insert into Game
values
('00002', '112345678', '667890123', 0, 1, '1-OCT-18', 313);

insert into Game
values
('00003', '112345678', '001234567', 0, 1, '8-OCT-18', 313);

insert into Game
values
('00004', '211111111', '345678901', 0, 1, '19-NOV-18', 313);

insert into Game
values
('00005', '556789012', '001234567', 0, 1, '05-NOV-18', 313);

insert into Game
values
('00006', '112345678', '778901234', 0, 1, '24-SEP-2018', 313);

insert into Game
values
('00007', '211111111', '112345678', 0, 1, '10-SEP-2018', 313);

insert into Game
values
('00008', '789012345', '987654321', 0, 1, '24-SEP-2018', 313);

insert into Game
values
('00009', '211111111', '112345678', 1.0, 0.0, '21-AUG-2018', 313);

insert into Game
values
('00010', '112345678', '211111111', 0.5, 0.5, '28-AUG-2018', 313);

insert into Game
values
('00011', '556789012', '990123456', 0.5, 0.5, '8-OCT-18', 313);

insert into Game
values
('00012', '889012345', '234567890', 0, 1, '1-DEC-2018', 315);

insert into Game
values
('00013', '445678901', '123456789', 0, 1, '1-DEC-2018', 315);

insert into Game
values
('00014', '556789012', '778901234', 0, 1, '1-DEC-2018', 315);

insert into Game
values
('00015', '990123456', '012345678', 1, 0, '1-DEC-2018', 315);

insert into Game
values
('00016', '112345678', '211111111', 1, 0, '1-DEC-2018', 315);

insert into Game
values
('00017', '456789012', '567890123', 0, 1, '1-DEC-2018', 315);

insert into Game
values
('00018', '001234567', '987654321', 0, 1, '1-DEC-2018', 315);

insert into Game
values
('00019', '234567890', '990123456', 1, 0, '1-DEC-2018', 315);

insert into Game
values
('00020', '123456789', '567890123', 0, 1, '1-DEC-2018', 315);

insert into Game
values
('00021', '234567890', '123456789', 1, 0, '1-DEC-2018', 315);


insert into Game
values
('00022', '123456789', '211111111', 1, 0, '28-AUG-2018', 313);

-- End game table --

-- Time_control table --


insert into Time_control
values
('00000', 5, 5);

insert into Time_control
values
('00001', 15, 5);

insert into Time_control
values
('00002', 5, 5);

insert into Time_control
values
('00003', 5, 5);

insert into Time_control
values
('00004', 10, 5);

insert into Time_control
values
('00005', 5, 5);

insert into Time_control
values
('00006', 5, 5);

insert into Time_control
values
('00007', 5, 5);

insert into Time_control
values
('00008', 5, 5);

insert into Time_control
values
('00009', 15, 10);

insert into Time_control
values
('00010', 2, 12);

insert into Time_control
values
('00011', 30, 0);

insert into Time_control
values
('00012', 30, 0);

insert into Time_control
values
('00013', 30, 0);

insert into Time_control
values
('00014', 30, 0);

insert into Time_control
values
('00015', 30, 0);

insert into Time_control
values
('00016', 30, 0);

insert into Time_control
values
('00017', 30, 0);

insert into Time_control
values
('00018', 30, 0);

insert into Time_control
values
('00019', 30, 0);

insert into Time_control
values
('00020', 30, 0);

insert into Time_control
values
('00021', 30, 15);

insert into Time_control
values
('00022', 30, 15);
-- End Time_control table --

-- Move table (2890 lines)-- 

--Game 00000
insert into Move
values
('00000', 1, 'e4', 'c6');

insert into Move
values
('00000', 2, 'Nc3', 'd5');

insert into Move
values
('00000', 3, 'Nf3', 'dxe4');

insert into Move
values
('00000', 4, 'Nxe4', 'Nd7');

insert into Move
values
('00000', 5, 'd4', 'Ngf6');

insert into Move
values
('00000', 6, 'Qe2', 'Nxe4');

insert into Move
values
('00000', 7, 'Qxe4', 'Nf6');

insert into Move
values
('00000', 8, 'Qh4', 'Bg4');

insert into Move
values
('00000', 9, 'Be2', 'e6');

insert into Move
values
('00000', 10, 'Bg5', 'Bf5');

insert into Move
values
('00000', 11, 'Bxf6', 'gxf6');

insert into Move
values
('00000', 12, 'c3', 'Rg8');

insert into Move
values
('00000', 13, 'Qf4', 'Rxg2');

insert into Move
values
('00000', 14, 'Nh4', 'Rg5');

insert into Move
values
('00000', 15, 'Nxf5', 'Rxf5');

insert into Move
values
('00000', 16, 'Qe3', 'Qd5');

insert into Move
values
('00000', 17, 'Rg1', 'O-O-O');

insert into Move
values
('00000', 18, 'h4', 'h5');

insert into Move
values
('00000', 19, 'Bd3', 'Rf3');

insert into Move
values
('00000', 20, 'Qe2', 'f5');

insert into Move
values
('00000', 21, 'Rg5', 'Rh3');

insert into Move
values
('00000', 22, 'O-O-O', 'Bh6');

insert into Move
values
('00000', 23, 'Qxh5', 'Bxg5+');

insert into Move
values
('00000', 24, 'Qxg5', 'Rh8');

--Game 00001
insert into Move
values
('00001', 1, 'e4', 'e5');

insert into Move
values
('00001', 2, 'Bc4', 'Bc5');

insert into Move
values
('00001', 3, 'Nf3', 'c6');

insert into Move
values
('00001', 4, 'Nc3', 'Nf6');

insert into Move
values
('00001', 5, 'Nxe5', 'd5');

insert into Move
values
('00001', 6, 'exd5', 'Bxf2+');

insert into Move
values
('00001', 7, 'Kxf2', 'O-O');

insert into Move
values
('00001', 8, 'dxc6', 'Qd4+');

insert into Move
values
('00001', 9, 'Kf1', 'Qxe5');

insert into Move
values
('00001', 10, 'd3', 'Nxc6');

insert into Move
values
('00001', 11, 'Qe2', 'Qc7');

insert into Move
values
('00001', 12, 'Bg5', 'Re8');

insert into Move
values
('00001', 13, 'Qd2', 'Ng4');

insert into Move
values
('00001', 14, 'Bf4', 'Qb6');

insert into Move
values
('00001', 15, 'Re1', 'Rxe1+');

insert into Move
values
('00001', 16, 'Qxe1', 'Bd7');

insert into Move
values
('00001', 17, 'Qg3', 'Re8');

insert into Move
values
('00001', 18, 'h3', 'Ne3+');

insert into Move
values
('00001', 19, 'Bxe3', 'Rxe3');

insert into Move
values
('00001', 20, 'Qf4', 'Be6');

insert into Move
values
('00001', 21, 'g4', 'Bxc4');

insert into Move
values
('00001', 22, 'Qxc4', 'Rf3+');

insert into Move
values
('00001', 23, 'Kg2', 'Qf2#');

--Game 00002
insert into Move
values
('00002', 1, 'e4', 'e5');

insert into Move
values
('00002', 2, 'Bc4', 'Nf6');

insert into Move
values
('00002', 3, 'Nf3', 'h6');

insert into Move
values
('00002', 4, 'Nxe5', 'Qe7');

insert into Move
values
('00002', 5, 'Bxf7+', 'Kd8');

insert into Move
values
('00002', 6, 'Nxd7', 'Bxd7');

insert into Move
values
('00002', 7, 'Bg6', 'Nc6');

insert into Move
values
('00002', 8, 'Nc3', 'Kc8');

insert into Move
values
('00002', 9, 'O-O', 'b6');

insert into Move
values
('00002', 10, 'd4', 'Kb7');

insert into Move
values
('00002', 11, 'Bf4', 'Bg4');

insert into Move
values
('00002', 12, 'Qd3', 'Rd8');

insert into Move
values
('00002', 13, 'h3', 'h5');

insert into Move
values
('00002', 14, 'd5', 'Ne5');

insert into Move
values
('00002', 15, 'Bxe5', 'Qxe5');

insert into Move
values
('00002', 16, 'hxg4', 'hxg4');

insert into Move
values
('00002', 17, 'Qg3', 'Qg5');

insert into Move
values
('00002', 18, 'Bf5', 'Nh5');

insert into Move
values
('00002', 19, 'Qh2', 'Bd6');

insert into Move
values
('00002', 20, 'g3', 'Nxg3');

insert into Move
values
('00002', 21, 'Qxh8', 'Rxh8');

insert into Move
values
('00002', 22, 'fxg3', 'Qe3+');

insert into Move
values
('00002', 23, 'Rf2', 'Bxg3');

insert into Move
values
('00002', 24, 'Nd1', 'Bxf2+');

insert into Move
values
('00002', 25, 'Nxf2', 'g3');

--Game 00003
insert into Move
values
('00003', 1, 'e4', 'e6');

insert into Move
values
('00003', 2, 'Nf3', 'd5');

insert into Move
values
('00003', 3, 'e5', 'c5');

insert into Move
values
('00003', 4, 'd4', 'Nc6');

insert into Move
values
('00003', 5, 'Bf4', 'Qb6');

insert into Move
values
('00003', 6, 'b3', 'cxd4');

insert into Move
values
('00003', 7, 'Bd3', 'Bb4+');

insert into Move
values
('00003', 8, 'Bd2', 'Bd7');

insert into Move
values
('00003', 9, 'a3', 'Bxd2+');

insert into Move
values
('00003', 10, 'Nbxd2', 'Qc7');

insert into Move
values
('00003', 11, 'Qe2', 'Nge7');

insert into Move
values
('00003', 12, 'O-O', 'Rc8');

insert into Move
values
('00003', 13, 'b4', 'Ng6');

insert into Move
values
('00003', 14, 'Rfe1', 'Nf4');

insert into Move
values
('00003', 15, 'Qf1', 'Nxd3');

insert into Move
values
('00003', 16, 'Qxd3', 'a6');

insert into Move
values
('00003', 17, 'Rac1', 'O-O');

insert into Move
values
('00003', 18, 'Nxd4', 'Nxe5');

insert into Move
values
('00003', 19, 'Qe3', 'Ng4');

insert into Move
values
('00003', 20, 'Qf3', 'Qxh2+');

insert into Move
values
('00003', 21, 'Kf1', 'e5');

insert into Move
values
('00003', 22, 'Nf5', 'Bb5+');

insert into Move
values
('00003', 23, 'c4', 'dxc4');

insert into Move
values
('00003', 24, 'Nd6', 'c3+');

insert into Move
values
('00003', 25, 'Nxb5', 'cxd2');

insert into Move
values
('00003', 26, 'Rxc8', 'Qh1+');

--Game 00004
insert into Move
values
('00004', 1, 'd4', 'Nf6');

insert into Move
values
('00004', 2, 'Bf4', 'b6');

insert into Move
values
('00004', 3, 'Nf3', 'Bb7');

insert into Move
values
('00004', 4, 'Nc3', 'd6');

insert into Move
values
('00004', 5, 'e4', 'Nxe4');

insert into Move
values
('00004', 6, 'Nxe4', 'Bxe4');

insert into Move
values
('00004', 7, 'Ng5', 'Bb7');

insert into Move
values
('00004', 8, 'Bc4', 'd5');

insert into Move
values
('00004', 9, 'Bd3', 'g6');

insert into Move
values
('00004', 10, 'Be5', 'f6');

insert into Move
values
('00004', 11, 'Ne6', 'Qc8');

insert into Move
values
('00004', 12, 'Nxc7+', 'Kf7');

insert into Move
values
('00004', 13, 'Bxf6', 'exf6');

insert into Move
values
('00004', 14, 'Nxa8', 'Nc6');

insert into Move
values
('00004', 15, 'Nxb6', 'axb6');

insert into Move
values
('00004', 16, 'O-O', 'Nxd4');

insert into Move
values
('00004', 17, 'c3', 'Nf5');

insert into Move
values
('00004', 18, 'Qb3', 'Bc5');

insert into Move
values
('00004', 19, 'Qc2', 'Nh4');

insert into Move
values
('00004', 20, 'b4', 'Bd6');

insert into Move
values
('00004', 21, 'f3', 'd4');

insert into Move
values
('00004', 22, 'Qb3+', 'Kg7');

insert into Move
values
('00004', 23, 'cxd4', 'Qc7');

insert into Move
values
('00004', 24, 'h3', 'Bh2+');

insert into Move
values
('00004', 25, 'Kh1', 'Qg3');

insert into Move
values
('00004', 26, 'Qb2', 'Rd8');

insert into Move
values
('00004', 27, 'Rae1', 'Qd6');

insert into Move
values
('00004', 28, 'Qe2', 'Rd7');

insert into Move
values
('00004', 29, 'Qf2', 'Bg3');

insert into Move
values
('00004', 30, 'Qe2', 'Bxe1');

insert into Move
values
('00004', 31, 'Rxe1', 'Qg3');

insert into Move
values
('00004', 32, 'Qe6', 'Qxg2#');

--Game 00005

insert into Move
values
('00005', 1, 'e4', 'c6');

insert into Move
values
('00005', 2, 'd4', 'd5');

insert into Move
values
('00005', 3, 'e5', 'Bf5');

insert into Move
values
('00005', 4, 'c4', 'e6');

insert into Move
values
('00005', 5, 'c5', 'b6');

insert into Move
values
('00005', 6, 'g4', 'Be4');

insert into Move
values
('00005', 7, 'Nf3', 'bxc5');

insert into Move
values
('00005', 8, 'dxc5', 'Bxc5');

insert into Move
values
('00005', 9, 'Bd3', 'Bxd3');

insert into Move
values
('00005', 10, 'Qxd3', 'Nd7');

insert into Move
values
('00005', 11, 'g5', 'Ne7');

insert into Move
values
('00005', 12, 'Nc3', 'Ng6');

insert into Move
values
('00005', 13, 'Qd4', 'Bxd4');

insert into Move
values
('00005', 14, 'Nxd4', 'Ngxe5');

insert into Move
values
('00005', 15, 'Bf4', 'Qb6');

insert into Move
values
('00005', 16, 'O-O-O', 'c5');

insert into Move
values
('00005', 17, 'Nb3', 'c4');

insert into Move
values
('00005', 18, 'Nd4', 'Nd3+');

insert into Move
values
('00005', 19, 'Kc2', 'Qxb2#');

--Game 00006
insert into Move
values
('00006', 1, 'e4', 'c5');

insert into Move
values
('00006', 2, 'Bc4', 'd6');

insert into Move
values
('00006', 3, 'Nc3', 'Nc6');

insert into Move
values
('00006', 4, 'Nf3', 'Nf6');

insert into Move
values
('00006', 5, 'd4', 'cxd4');

insert into Move
values
('00006', 6, 'Nxd4', 'a6');

insert into Move
values
('00006', 7, 'b3', 'e6');

insert into Move
values
('00006', 8, 'Bb2', 'Be7');

insert into Move
values
('00006', 9, 'Qd2', 'O-O');

insert into Move
values
('00006', 10, 'O-O-O', 'Qc7');

insert into Move
values
('00006', 11, 'f4', 'b5');

insert into Move
values
('00006', 12, 'Bd3', 'Bb7');

insert into Move
values
('00006', 13, 'Nf3', 'Nb4');

insert into Move
values
('00006', 14, 'e5', 'Nxd3+');

insert into Move
values
('00006', 15, 'Qxd3', 'dxe5');

insert into Move
values
('00006', 16, 'fxe5', 'Rfd8');

insert into Move
values
('00006', 17, 'Qe2', 'Ng4');

insert into Move
values
('00006', 18, 'h3', 'Bxf3');

insert into Move
values
('00006', 19, 'gxf3', 'Nxe5');

insert into Move
values
('00006', 20, 'Nxb5', 'Rxd1+');

insert into Move
values
('00006', 21, 'Rxd1', 'axb5');

insert into Move
values
('00006', 22, 'Qxe5', 'Qxe5');

insert into Move
values
('00006', 23, 'Bxe5', 'Rxa2');

insert into Move
values
('00006', 24, 'Rd7', 'Bg5+');

insert into Move
values
('00006', 25, 'Kb1', 'Ra8');

insert into Move
values
('00006', 26, 'Rb7', 'h6');

insert into Move
values
('00006', 27, 'Rxb5', 'Kh7');

insert into Move
values
('00006', 28, 'c4', 'Kg6');

insert into Move
values
('00006', 29, 'c5', 'f6');

insert into Move
values
('00006', 30, 'Bd6', 'Rc8');

insert into Move
values
('00006', 31, 'b4', 'Kf7');

insert into Move
values
('00006', 32, 'Rb7+', 'Ke8');

insert into Move
values
('00006', 33, 'Rb8', 'Rxb8');

insert into Move
values
('00006', 34, 'Bxb8', 'Kd7');

insert into Move
values
('00006', 35, 'b5', 'Kc8');

insert into Move
values
('00006', 36, 'Bd6', 'f5');

insert into Move
values
('00006', 37, 'Kc2', 'Bd8');

insert into Move
values
('00006', 38, 'Kd3', 'Kb7');

insert into Move
values
('00006', 39, 'Be5', 'g6');

insert into Move
values
('00006', 40, 'Kc4', 'Be7');

insert into Move
values
('00006', 41, 'Bd6', 'Bd8');

insert into Move
values
('00006', 42, 'c6+', 'Kb6');

insert into Move
values
('00006', 43, 'Bc5+', 'Kc7');

insert into Move
values
('00006', 44, 'Bd4', 'Kb8');

insert into Move
values
('00006', 45, 'Kc5', 'Kc7');

insert into Move
values
('00006', 46, 'b6+', 'Kb8');

insert into Move
values
('00006', 47, 'c7+', 'Bxc7');

insert into Move
values
('00006', 48, 'bxc7+', 'Kxc7');

insert into Move
values
('00006', 49, 'Bf6', 'Kd7');

insert into Move
values
('00006', 50, 'Kd4', 'Kd6');

insert into Move
values
('00006', 51, 'Ke3', 'g5');

insert into Move
values
('00006', 52, 'f4', 'gxf4+');

insert into Move
values
('00006', 53, 'Kxf4', 'Kd5');

insert into Move
values
('00006', 54, 'h4', 'Kd6');

insert into Move
values
('00006', 55, 'Bg7', 'Ke7');

insert into Move
values
('00006', 56, 'Bxh6', 'Kf6');

insert into Move
values
('00006', 57, 'Bg5+', 'Kg6');

insert into Move
values
('00006', 58, 'Bd8', 'Kh5');

insert into Move
values
('00006', 59, 'Bc7', 'Kxh4');

insert into Move
values
('00006', 60, 'Ke5', 'Kh5');

insert into Move
values
('00006', 61, 'Kxe6', 'Kg5');

insert into Move
values
('00006', 62, 'Bd6', 'Kg4');

insert into Move
values
('00006', 63, 'Bf4', 'Kxf4');

--Game 00007

insert into Move
values
('00007', 1, 'e4', 'c5');

insert into Move
values
('00007', 2, 'Bc4', 'Nc6');

insert into Move
values
('00007', 3, 'Nf3', 'e6');

insert into Move
values
('00007', 4, 'd4', 'cxd4');

insert into Move
values
('00007', 5, 'Nxd4', 'e5');

insert into Move
values
('00007', 6, 'Nf3', 'a6');

insert into Move
values
('00007', 7, 'b3', 'Nf6');

insert into Move
values
('00007', 8, 'Bb2', 'b5');

insert into Move
values
('00007', 9, 'Be2', 'd6');

insert into Move
values
('00007', 10, 'Nbd2', 'Be7');

insert into Move
values
('00007', 11, 'O-O', 'O-O');

insert into Move
values
('00007', 12, 'c4', 'b4');

insert into Move
values
('00007', 13, 'Re1', 'a5');

insert into Move
values
('00007', 14, 'Nf1', 'Bb7');

insert into Move
values
('00007', 15, 'Ne3', 'Nxe4');

insert into Move
values
('00007', 16, 'Nd5', 'Re8');

insert into Move
values
('00007', 17, 'Qc2', 'Nc5');

insert into Move
values
('00007', 18, 'Nd2', 'Bf8');

insert into Move
values
('00007', 19, 'Ne4', 'Ne6');

insert into Move
values
('00007', 20, 'Bh5', 'Ncd4');

insert into Move
values
('00007', 21, 'Qd1', 'f5');

insert into Move
values
('00007', 22, 'Bxe8', 'Qxe8');

insert into Move
values
('00007', 23, 'Bxd4', 'Nxd4');

insert into Move
values
('00007', 24, 'Nc7', 'Qg6');

insert into Move
values
('00007', 25, 'Nxa8', 'Bxa8');

insert into Move
values
('00007', 26, 'Ng3', 'f4');

insert into Move
values
('00007', 27, 'Ne4', 'Bxe4');

insert into Move
values
('00007', 28, 'f3', 'Bxf3');

insert into Move
values
('00007', 29, 'Qd2', 'Be4');

insert into Move
values
('00007', 30, 'Rf1', 'Nc2');

insert into Move
values
('00007', 31, 'Rad1', 'Ne3');

insert into Move
values
('00007', 32, 'Qxd6', 'Qxg2#');

--Game 00008
insert into Move
values
('00008', 1, 'e4', 'c5');

insert into Move
values
('00008', 2, 'Bc4', 'd6');

insert into Move
values
('00008', 3, 'Nc3', 'Nc6');

insert into Move
values
('00008', 4, 'Nf3', 'Nf6');

insert into Move
values
('00008', 5, 'd4', 'cxd4');

insert into Move
values
('00008', 6, 'Nxd4', 'a6');

insert into Move
values
('00008', 7, 'b3', 'e6');

insert into Move
values
('00008', 8, 'Bb2', 'Be7');

insert into Move
values
('00008', 9, 'Qd2', 'O-O');

insert into Move
values
('00008', 10, 'O-O-O', 'Qc7');

insert into Move
values
('00008', 11, 'f4', 'b5');

insert into Move
values
('00008', 12, 'Bd3', 'Bb7');

insert into Move
values
('00008', 13, 'Nf3', 'Nb4');

insert into Move
values
('00008', 14, 'e5', 'Nxd3+');

insert into Move
values
('00008', 15, 'Qxd3', 'dxe5');

insert into Move
values
('00008', 16, 'fxe5', 'Rfd8');

insert into Move
values
('00008', 17, 'Qe2', 'Ng4');

insert into Move
values
('00008', 18, 'h3', 'Bxf3');

insert into Move
values
('00008', 19, 'gxf3', 'Nxe5');

insert into Move
values
('00008', 20, 'Nxb5', 'Rxd1+');

insert into Move
values
('00008', 21, 'Rxd1', 'axb5');

insert into Move
values
('00008', 22, 'Qxe5', 'Qxe5');

insert into Move
values
('00008', 23, 'Bxe5', 'Rxa2');

insert into Move
values
('00008', 24, 'Rd7', 'Bg5+');

insert into Move
values
('00008', 25, 'Kb1', 'Ra8');

insert into Move
values
('00008', 26, 'Rb7', 'h6');

insert into Move
values
('00008', 27, 'Rxb5', 'Kh7');

insert into Move
values
('00008', 28, 'c4', 'Kg6');

insert into Move
values
('00008', 29, 'c5', 'f6');

insert into Move
values
('00008', 30, 'Bd6', 'Rc8');

insert into Move
values
('00008', 31, 'b4', 'Kf7');

insert into Move
values
('00008', 32, 'Rb7+', 'Ke8');

insert into Move
values
('00008', 33, 'Rb8', 'Rxb8');

insert into Move
values
('00008', 34, 'Bxb8', 'Kd7');

insert into Move
values
('00008', 35, 'b5', 'Kc8');

insert into Move
values
('00008', 36, 'Bd6', 'f5');

insert into Move
values
('00008', 37, 'Kc2', 'Bd8');

insert into Move
values
('00008', 38, 'Kd3', 'Kb7');

insert into Move
values
('00008', 39, 'Be5', 'g6');

insert into Move
values
('00008', 40, 'Kc4', 'Be7');

insert into Move
values
('00008', 41, 'Bd6', 'Bd8');

insert into Move
values
('00008', 42, 'c6+', 'Kb6');

insert into Move
values
('00008', 43, 'Bc5+', 'Kc7');

insert into Move
values
('00008', 44, 'Bd4', 'Kb8');

insert into Move
values
('00008', 45, 'Kc5', 'Kc7');

insert into Move
values
('00008', 46, 'b6+', 'Kb8');

insert into Move
values
('00008', 47, 'c7+', 'Bxc7');

insert into Move
values
('00008', 48, 'bxc7+', 'Kxc7');

insert into Move
values
('00008', 49, 'Bf6', 'Kd7');

insert into Move
values
('00008', 50, 'Kd4', 'Kd6');

insert into Move
values
('00008', 51, 'Ke3', 'g5');

insert into Move
values
('00008', 52, 'f4', 'gxf4+');

insert into Move
values
('00008', 53, 'Kxf4', 'Kd5');

insert into Move
values
('00008', 54, 'h4', 'Kd6');

insert into Move
values
('00008', 55, 'Bg7', 'Ke7');

insert into Move
values
('00008', 56, 'Bxh6', 'Kf6');

insert into Move
values
('00008', 57, 'Bg5+', 'Kg6');

insert into Move
values
('00008', 58, 'Bd8', 'Kh5');

insert into Move
values
('00008', 59, 'Bc7', 'Kxh4');

insert into Move
values
('00008', 60, 'Ke5', 'Kh5');

insert into Move
values
('00008', 61, 'Kxe6', 'Kg5');

insert into Move
values
('00008', 62, 'Bd6', 'Kg4');

insert into Move
values
('00008', 63, 'Bf4', 'Kxf4');

--Game 00009
insert into Move
values
('00009', 1, 'e4', 'e5');

insert into Move
values
('00009', 2, 'Bc4', 'Nc6');

insert into Move
values
('00009', 3, 'Qh5', 'Nf6');

insert into Move
values
('00009', 4, 'Qxf7#', NULL);


--Game 00010
insert into Move
values
('00010', 1, 'd4', 'g6');

insert into Move
values
('00010', 2, 'Nf3', 'Bg7');

insert into Move
values
('00010', 3, 'Bf4', 'd5');

insert into Move
values
('00010', 4, 'h3', 'Bf5');

insert into Move
values
('00010', 5, 'e3', 'c6');

insert into Move
values
('00010', 6, 'Bd3', 'Bxd3');

insert into Move
values
('00010', 7, 'Qxd3', 'Nd7');

insert into Move
values
('00010', 8, 'Nbd2', 'Ngf6');

insert into Move
values
('00010', 9, 'O-O', 'O-O');

insert into Move
values
('00010', 10, 'c4', 'dxc4');

insert into Move
values
('00010', 11, 'Nxc4', 'Nd5');

insert into Move
values
('00010', 12, 'Bg3', 'N7b6');

insert into Move
values
('00010', 13, 'a3', 'Nxc4');

insert into Move
values
('00010', 14, 'Qxc4', 'e6');

insert into Move
values
('00010', 15, 'Rfc1', 'Qe7');

insert into Move
values
('00010', 16, 'b4', 'Rac8');

insert into Move
values
('00010', 17, 'Rab1', 'Nf6');

insert into Move
values
('00010', 18, 'Be5', 'Ne4');

insert into Move
values
('00010', 19, 'Bxg7', 'Kxg7');

insert into Move
values
('00010', 20, 'Qd3', 'Nf6');

insert into Move
values
('00010', 21, 'Ne5', 'Nd5');

insert into Move
values
('00010', 22, 'Qc2', 'f6');

insert into Move
values
('00010', 23, 'Nd3', 'Rfd8');

insert into Move
values
('00010', 24, 'Qa4', 'b6');

insert into Move
values
('00010', 25, 'e4', 'b5');

insert into Move
values
('00010', 26, 'Qc2', 'Nb6');

insert into Move
values
('00010', 27, 'Qc5', 'Qxc5');

insert into Move
values
('00010', 28, 'Nxc5', 'Kf7');

insert into Move
values
('00010', 29, 'Rd1', 'Nc4');

insert into Move
values
('00010', 30, 'Rd3', 'Rd6');

insert into Move
values
('00010', 31, 'Nb7', 'Rd7');

insert into Move
values
('00010', 32, 'Nc5', 'Rd6');

insert into Move
values
('00010', 33, 'Nb7', 'Rd7');

insert into Move
values
('00010', 34, 'Nc5', 'Rdd8');

insert into Move
values
('00010', 35, 'Nb7', 'Rd7');

insert into Move
values
('00010', 36, 'Nc5', NULL);

--Game 00011

insert into Move
values
('00011', 1, 'd4', 'Nf6');

insert into Move
values
('00011', 2, 'g3', 'g6');

insert into Move
values
('00011', 3, 'Bg2', 'd5');

insert into Move
values
('00011', 4, 'Nf3', 'Bg7');

insert into Move
values
('00011', 5, 'b3', 'Bg4');

insert into Move
values
('00011', 6, 'h3', 'Bxf3');

insert into Move
values
('00011', 7, 'Bxf3', 'e6');

insert into Move
values
('00011', 8, 'Ba3', 'Nc6');

insert into Move
values
('00011', 9, 'Nd2', 'Nxd4');

insert into Move
values
('00011', 10, 'Bg2', 'Nb5');

insert into Move
values
('00011', 11, 'Bb2', 'O-O');

insert into Move
values
('00011', 12, 'a4', 'Nd6');

insert into Move
values
('00011', 13, 'O-O', 'c5');

insert into Move
values
('00011', 14, 'e3', 'Rc8');

insert into Move
values
('00011', 15, 'Be5', 'a5');

insert into Move
values
('00011', 16, 'Bxd6', 'Qxd6');

insert into Move
values
('00011', 17, 'c4', 'Rfd8');

insert into Move
values
('00011', 18, 'Rc1', 'Rc7');

insert into Move
values
('00011', 19, 'Qe2', 'Rcd7');

insert into Move
values
('00011', 20, 'Rfd1', 'Qb6');

insert into Move
values
('00011', 21, 'cxd5', 'Nxd5');

insert into Move
values
('00011', 22, 'Ne4', 'Qxb3');

insert into Move
values
('00011', 23, 'Nxc5', 'Nc3');

insert into Move
values
('00011', 24, 'Qe1', 'Qxd1');

insert into Move
values
('00011', 25, 'Nxd7', 'Qxe1+');

insert into Move
values
('00011', 26, 'Rxe1', 'Rxd7');

insert into Move
values
('00011', 27, 'Kf1', 'Kf8');

insert into Move
values
('00011', 28, 'e4', 'b5');

insert into Move
values
('00011', 29, 'axb5', 'Nxb5');

insert into Move
values
('00011', 30, 'e5', 'a4');

insert into Move
values
('00011', 31, 'Bc6', 'Rd5');

insert into Move
values
('00011', 32, 'Bxd5', 'exd5');

insert into Move
values
('00011', 33, 'f4', 'Ke7');

insert into Move
values
('00011', 34, 'Rb1', 'Nc3');

insert into Move
values
('00011', 35, 'Rb7+', 'Ke6');

insert into Move
values
('00011', 36, 'Ra7', 'd4');

insert into Move
values
('00011', 37, 'Ke1', 'Kd5');

insert into Move
values
('00011', 38, 'Rxf7', 'Bxe5');

insert into Move
values
('00011', 39, 'fxe5', 'Kxe5');

insert into Move
values
('00011', 40, 'Rxh7', 'a3');

insert into Move
values
('00011', 41, 'Ra7', 'a2');

insert into Move
values
('00011', 42, 'Kd2', 'Ke4');

insert into Move
values
('00011', 43, 'g4', 'g5');

insert into Move
values
('00011', 44, 'Re7+', 'Kd5');

insert into Move
values
('00011', 45, 'Ra7', 'Kc4');

insert into Move
values
('00011', 46, 'Rc7+', 'Kb5');

insert into Move
values
('00011', 47, 'Ra7', 'Kc4');

insert into Move
values
('00011', 48, 'Rc7+', 'Kb5');

insert into Move
values
('00011', 49, 'Ra7', 'Kc4');

insert into Move
values
('00011', 50, 'Rc7+', 'Kb5');

insert into Move
values
('00011', 51, 'Ra7', 'Kc4');

insert into Move
values
('00011', 52, 'Rc7+', 'Kb5');

insert into Move
values
('00011', 53, 'Ra7', 'Kc4');

--Game 12
insert into Move
values
('00012', 1, 'e4', 'e5');

insert into Move
values
('00012', 2, 'Nf3', 'Nc6');

insert into Move
values
('00012', 3, 'Bc4', 'Nf6');

insert into Move
values
('00012', 4, 'd3', 'Bc5');

insert into Move
values
('00012', 5, 'Bg5', 'O-O');

insert into Move
values
('00012', 6, 'Nc3', 'Na5');

insert into Move
values
('00012', 7, 'Nxe5', 'd6');

insert into Move
values
('00012', 8, 'Ng4', 'Nxc4');

insert into Move
values
('00012', 9, 'Nxf6+', 'gxf6');

insert into Move
values
('00012', 10, 'Bh4', 'Nxb2');

insert into Move
values
('00012', 11, 'Qf3', 'Bd4');

insert into Move
values
('00012', 12, 'Nd5', 'Nxd3+');

insert into Move
values
('00012', 13, 'cxd3', 'Bxa1');

insert into Move
values
('00012', 14, 'O-O', 'Bd4');

insert into Move
values
('00012', 15, 'Rc1', 'c6');

insert into Move
values
('00012', 16, 'Nxf6+', 'Bxf6');

insert into Move
values
('00012', 17, 'Bxf6', 'Qd7');

insert into Move
values
('00012', 18, 'Qg3+', 'Qg4');

insert into Move
values
('00012', 19, 'Qxd6', 'Be6');

insert into Move
values
('00012', 20, 'f3', 'Qg6');

insert into Move
values
('00012', 21, 'Bd4', 'Rad8');

insert into Move
values
('00012', 22, 'Qe5', 'Rxd4');

insert into Move
values
('00012', 23, 'Qxd4', 'Bh3');

insert into Move
values
('00012', 24, 'g3', 'Qg7');

insert into Move
values
('00012', 25, 'Qxa7', 'Qb2');

insert into Move
values
('00012', 26, 'Qc5', 'Qg2#');

--Game 13

insert into Move
values
('00013', 1, 'd4', 'd5');

insert into Move
values
('00013', 2, 'c4', 'e6');

insert into Move
values
('00013', 3, 'cxd5', 'exd5');

insert into Move
values
('00013', 4, 'Bf4', 'Nc6');

insert into Move
values
('00013', 5, 'e3', 'Nf6');

insert into Move
values
('00013', 6, 'a3', 'Bd6');

insert into Move
values
('00013', 7, 'Bg5', 'O-O');

insert into Move
values
('00013', 8, 'Nc3', 'Be7');

insert into Move
values
('00013', 9, 'Bd3', 'Re8');

insert into Move
values
('00013', 10, 'Nge2', 'Qd6');

insert into Move
values
('00013', 11, 'h3', 'a6');

insert into Move
values
('00013', 12, 'Bf4', 'Qd7');

insert into Move
values
('00013', 13, 'Qb3', 'Bd6');

insert into Move
values
('00013', 14, 'Bg5', 'Ne4');

insert into Move
values
('00013', 15, 'Bxe4', 'dxe4');

insert into Move
values
('00013', 16, 'Bf4', 'b6');

insert into Move
values
('00013', 17, 'Bxd6', 'Qxd6');

insert into Move
values
('00013', 18, 'Qc2', 'Qg6');

insert into Move
values
('00013', 19, 'g4', 'Bb7');

insert into Move
values
('00013', 20, 'Nf4', 'Nxd4');

insert into Move
values
('00013', 21, 'exd4', 'Qd6');

insert into Move
values
('00013', 22, 'Nce2', 'e3');

insert into Move
values
('00013', 23, 'Rf1', 'exf2+');

insert into Move
values
('00013', 24, 'Rxf2', 'Qxd4');

insert into Move
values
('00013', 25, 'Qxc7', 'Qxb2');

insert into Move
values
('00013', 26, 'Qc1', 'Qe5');

insert into Move
values
('00013', 27, 'Kf1', 'a5');

insert into Move
values
('00013', 28, 'Rb1', 'b5');

insert into Move
values
('00013', 29, 'Qc3', 'Qe4');

insert into Move
values
('00013', 30, 'Rxb5', 'Qh1+');

insert into Move
values
('00013', 31, 'Ng1', 'Ba6');

insert into Move
values
('00013', 32, 'a4', 'Rac8');

insert into Move
values
('00013', 33, 'Qb2', 'Bxb5+');

insert into Move
values
('00013', 34, 'axb5', 'Re7');

insert into Move
values
('00013', 35, 'Re2', 'Rxe2');

--Game 14

insert into Move
values
('00014', 1, 'e4', 'e5');

insert into Move
values
('00014', 2, 'Nf3', 'Nc6');

insert into Move
values
('00014', 3, 'Bb5', 'Nf6');

insert into Move
values
('00014', 4, 'd3', 'd6');

insert into Move
values
('00014', 5, 'Bxc6+', 'bxc6');

insert into Move
values
('00014', 6, 'h3', 'Bb7');

insert into Move
values
('00014', 7, 'Nc3', 'Be7');

insert into Move
values
('00014', 8, 'Bg5', 'O-O');

insert into Move
values
('00014', 9, 'Bxf6', 'Bxf6');

insert into Move
values
('00014', 10, 'O-O', 'd5');

insert into Move
values
('00014', 11, 'a3', 'Re8');

insert into Move
values
('00014', 12, 'Re1', 'Qd7');

insert into Move
values
('00014', 13, 'Ne2', 'Rad8');

insert into Move
values
('00014', 14, 'exd5', 'cxd5');

insert into Move
values
('00014', 15, 'Nc3', 'c5');

insert into Move
values
('00014', 16, 'Qe2', 'Ba6');

insert into Move
values
('00014', 17, 'Nh2', 'e4');

insert into Move
values
('00014', 18, 'Qg4', 'Qxg4');

insert into Move
values
('00014', 19, 'Nxg4', 'Bxc3');

insert into Move
values
('00014', 20, 'bxc3', 'exd3');

insert into Move
values
('00014', 21, 'Rxe8+', 'Rxe8');

insert into Move
values
('00014', 22, 'cxd3', 'Bxd3');

insert into Move
values
('00014', 23, 'Rd1', 'Bc4');

insert into Move
values
('00014', 24, 'Ne3', 'Bb3');

insert into Move
values
('00014', 25, 'Rd2', 'Rd8');

insert into Move
values
('00014', 26, 'Nc2', 'Kf8');

insert into Move
values
('00014', 27, 'Na1', 'Bc4');

insert into Move
values
('00014', 28, 'Nc2', 'Ke7');

insert into Move
values
('00014', 29, 'Ne3', 'Bb3');

insert into Move
values
('00014', 30, 'Re2', 'Kd7');

insert into Move
values
('00014', 31, 'Rd2', 'Kc6');

insert into Move
values
('00014', 32, 'Rb2', 'Ba4');

insert into Move
values
('00014', 33, 'Nf5', 'g6');

insert into Move
values
('00014', 34, 'Ne7+', 'Kd6');

insert into Move
values
('00014', 35, 'Rb7', 'Re8');

insert into Move
values
('00014', 36, 'Rxa7', 'Bc6');

insert into Move
values
('00014', 37, 'Nxc6', 'Kxc6');

insert into Move
values
('00014', 38, 'Rxf7', 'd4');

insert into Move
values
('00014', 39, 'cxd4', 'cxd4');

insert into Move
values
('00014', 40, 'Rf3', 'Kb5');

insert into Move
values
('00014', 41, 'Rd3', 'Kc4');

insert into Move
values
('00014', 42, 'Rd1', 'Kc3');

insert into Move
values
('00014', 43, 'Kf1', 'd3');

insert into Move
values
('00014', 44, 'a4', 'Kc2');

insert into Move
values
('00014', 45, 'Ra1', 'Kb2');

insert into Move
values
('00014', 46, 'Rd1', 'Rd8');

insert into Move
values
('00014', 47, 'Rd2+', 'Kc1');

insert into Move
values
('00014', 48, 'Ra2', 'd2');

insert into Move
values
('00014', 49, 'Ra1+', 'Kb2');

insert into Move
values
('00014', 50, 'Rd1', 'Kc2');

--Game 15

insert into Move
values
('00015', 1, 'd4', 'c5');

insert into Move
values
('00015', 2, 'd5', 'd6');

insert into Move
values
('00015', 3, 'c4', 'b5');

insert into Move
values
('00015', 4, 'e4', 'bxc4');

insert into Move
values
('00015', 5, 'Bxc4', 'Nf6');

insert into Move
values
('00015', 6, 'Nf3', 'Nxe4');

insert into Move
values
('00015', 7, 'O-O', 'h5');

insert into Move
values
('00015', 8, 'Nc3', 'Nxc3');

insert into Move
values
('00015', 9, 'bxc3', 'Bg4');

insert into Move
values
('00015', 10, 'Re1', 'g6');

insert into Move
values
('00015', 11, 'Bg5', 'f6');

insert into Move
values
('00015', 12, 'Bxf6', 'Rh7');

insert into Move
values
('00015', 13, 'h3', 'Bf5');

insert into Move
values
('00015', 14, 'Nh4', 'Kf7');

insert into Move
values
('00015', 15, 'Nxf5', 'Kxf6');

insert into Move
values
('00015', 16, 'Re6+', 'Kxf5');

insert into Move
values
('00015', 17, 'Bd3+', 'Kg5');

insert into Move
values
('00015', 18, 'Qd2+', 'Kh4');

--Game 16

insert into Move
values
('00016', 1, 'd4', 'd5');

insert into Move
values
('00016', 2, 'c4', 'e6');

insert into Move
values
('00016', 3, 'Nc3', 'Nf6');

insert into Move
values
('00016', 4, 'Bg5', 'Nbd7');

insert into Move
values
('00016', 5, 'Nf3', 'h6');

insert into Move
values
('00016', 6, 'Bh4', 'Be7');

insert into Move
values
('00016', 7, 'e3', 'O-O');

insert into Move
values
('00016', 8, 'Bd3', 'c5');

insert into Move
values
('00016', 9, 'O-O', 'cxd4');

insert into Move
values
('00016', 10, 'Nxd4', 'dxc4');

insert into Move
values
('00016', 11, 'Bxc4', 'a6');

insert into Move
values
('00016', 12, 'Nf3', 'b5');

insert into Move
values
('00016', 13, 'Bd3', 'Bb7');

insert into Move
values
('00016', 14, 'a3', 'Qc7');

insert into Move
values
('00016', 15, 'Rc1', 'Qb6');

insert into Move
values
('00016', 16, 'Re1', 'Rad8');

insert into Move
values
('00016', 17, 'Bb1', 'Ne5');

insert into Move
values
('00016', 18, 'Nd4', 'Nc4');

insert into Move
values
('00016', 19, 'Qc2', 'e5');

insert into Move
values
('00016', 20, 'Bxf6', 'Qxf6');

--Game 17

insert into Move
values
('00017', 1, 'e4', 'e5');

insert into Move
values
('00017', 2, 'Nf3', 'Nc6');

insert into Move
values
('00017', 3, 'Bc4', 'Nf6');

insert into Move
values
('00017', 4, 'Ng5', 'd5');

insert into Move
values
('00017', 5, 'exd5', 'Nxd5');

insert into Move
values
('00017', 6, 'd3', 'Be7');

insert into Move
values
('00017', 7, 'Qf3', 'Bxg5');

insert into Move
values
('00017', 8, 'Bxd5', 'O-O');

insert into Move
values
('00017', 9, 'O-O', 'Nd4');

insert into Move
values
('00017', 10, 'Qd1', 'Bxc1');

insert into Move
values
('00017', 11, 'Bxf7+', 'Rxf7');

--Game 18

insert into Move
values
('00018', 1, 'e4', 'e5');

insert into Move
values
('00018', 2, 'Nf3', 'Nc6');

insert into Move
values
('00018', 3, 'Bb5', 'Nf6');

insert into Move
values
('00018', 4, 'O-O', 'Nxe4');

insert into Move
values
('00018', 5, 'd4', 'd5');

insert into Move
values
('00018', 6, 'Nxe5', 'Bd7');

insert into Move
values
('00018', 7, 'Nxc6', 'bxc6');

insert into Move
values
('00018', 8, 'Bd3', 'Bd6');

insert into Move
values
('00018', 9, 'Re1', 'O-O');

insert into Move
values
('00018', 10, 'Bxe4', 'dxe4');

insert into Move
values
('00018', 11, 'Rxe4', 'Qf6');

insert into Move
values
('00018', 12, 'Nc3', 'Qg6');

insert into Move
values
('00018', 13, 'Qf3', 'c5');

insert into Move
values
('00018', 14, 'dxc5', 'Bxc5');

insert into Move
values
('00018', 15, 'Rc4', 'Bc6');

insert into Move
values
('00018', 16, 'Qg3', 'Rfe8');

insert into Move
values
('00018', 17, 'Bf4', 'Qe6');

insert into Move
values
('00018', 18, 'Qd3', 'Rad8');

insert into Move
values
('00018', 19, 'Qf1', 'Bb6');

insert into Move
values
('00018', 20, 'h3', 'Qg6');

insert into Move
values
('00018', 21, 'Bg3', 'Re6');

insert into Move
values
('00018', 22, 'Kh2', 'Qxc2');

insert into Move
values
('00018', 23, 'Qc1', 'Rd2');

insert into Move
values
('00018', 24, 'Qxc2', 'Rxc2');

insert into Move
values
('00018', 25, 'Rd1', 'h6');

insert into Move
values
('00018', 26, 'b3', 'g5');

insert into Move
values
('00018', 27, 'f3', 'Bxf3');

--Game 19

insert into Move
values
('00019', 1, 'd4', 'Nf6');

insert into Move
values
('00019', 2, 'c4', 'e6');

insert into Move
values
('00019', 3, 'Nc3', 'Bb4');

insert into Move
values
('00019', 4, 'Bd2', 'O-O');

insert into Move
values
('00019', 5, 'Nf3', 'd5');

insert into Move
values
('00019', 6, 'e3', 'c5');

insert into Move
values
('00019', 7, 'a3', 'Ba5');

insert into Move
values
('00019', 8, 'dxc5', 'Bxc3');

insert into Move
values
('00019', 9, 'Bxc3', 'Ne4');

insert into Move
values
('00019', 10, 'Bd4', 'Nc6');

insert into Move
values
('00019', 11, 'b4', 'Nxd4');

insert into Move
values
('00019', 12, 'Qxd4', 'Re8');

insert into Move
values
('00019', 13, 'Bd3', 'dxc4');

insert into Move
values
('00019', 14, 'Qxc4', 'f5');

insert into Move
values
('00019', 15, 'O-O', 'Bd7');

insert into Move
values
('00019', 16, 'a4', 'Rc8');

insert into Move
values
('00019', 17, 'Rfd1', 'Nd6');

insert into Move
values
('00019', 18, 'Qb3', 'Nf7');

insert into Move
values
('00019', 19, 'Bb5', 'Rc7');

insert into Move
values
('00019', 20, 'Bc4', 'Ng5');

insert into Move
values
('00019', 21, 'Ne5', 'Qf6');

insert into Move
values
('00019', 22, 'f4', 'Ne4');

insert into Move
values
('00019', 23, 'Rd4', 'Kh8');

insert into Move
values
('00019', 24, 'Rad1', 'Bc8');

insert into Move
values
('00019', 25, 'Qa3', 'Qh4');

insert into Move
values
('00019', 26, 'Qa2', 'g5');

insert into Move
values
('00019', 27, 'g3', 'Nxg3');

insert into Move
values
('00019', 28, 'hxg3', 'Qxg3+');

insert into Move
values
('00019', 29, 'Qg2', 'Qxe3+');

insert into Move
values
('00019', 30, 'Qf2', 'Qh3');

insert into Move
values
('00019', 31, 'Rd8', 'Re7');

insert into Move
values
('00019', 32, 'fxg5', 'Bd7');

insert into Move
values
('00019', 33, 'R1xd7', 'Rxd7');

insert into Move
values
('00019', 34, 'Rxe8+', 'Kg7');

insert into Move
values
('00019', 35, 'Nxd7', 'Qg4+');

insert into Move
values
('00019', 36, 'Kh2', 'Qxc4');

insert into Move
values
('00019', 37, 'Qb2+', 'Kg6');

insert into Move
values
('00019', 38, 'Qf6+', 'Kh5');

insert into Move
values
('00019', 39, 'Qh6+', 'Kg4');

--Game 20

insert into Move
values
('00020', 1, 'd4', 'd5');

insert into Move
values
('00020', 2, 'b4', 'e6');

insert into Move
values
('00020', 3, 'Bb2', 'Bxb4+');

insert into Move
values
('00020', 4, 'c3', 'Be7');

insert into Move
values
('00020', 5, 'a3', 'Nf6');

insert into Move
values
('00020', 6, 'Nd2', 'Bd7');

insert into Move
values
('00020', 7, 'e3', 'O-O');

insert into Move
values
('00020', 8, 'Bd3', 'Nc6');

insert into Move
values
('00020', 9, 'e4', 'dxe4');

insert into Move
values
('00020', 10, 'Nxe4', 'e5');

insert into Move
values
('00020', 11, 'Nxf6+', 'Bxf6');

insert into Move
values
('00020', 12, 'dxe5', 'Nxe5');

insert into Move
values
('00020', 13, 'Bc2', 'Re8');

insert into Move
values
('00020', 14, 'Ne2', 'Qe7');

insert into Move
values
('00020', 15, 'O-O', 'Rad8');

insert into Move
values
('00020', 16, 'Re1', 'Bb5');

insert into Move
values
('00020', 17, 'Qb1', 'g6');

insert into Move
values
('00020', 18, 'Nd4', 'Bd7');

insert into Move
values
('00020', 19, 'f4', 'Qc5');

insert into Move
values
('00020', 20, 'fxe5', 'Bxe5');

insert into Move
values
('00020', 21, 'h3', 'Bxd4+');

insert into Move
values
('00020', 22, 'cxd4', 'Qd5');

insert into Move
values
('00020', 23, 'Re3', 'Rxe3');

--Game 21

insert into Move
values
('00021', 1, 'd4', 'd5');

insert into Move
values
('00021', 2, 'c4', 'e6');

insert into Move
values
('00021', 3, 'Nc3', 'Bb4');

insert into Move
values
('00021', 4, 'Bd2', 'Bxc3');

insert into Move
values
('00021', 5, 'Bxc3', 'Ne7');

insert into Move
values
('00021', 6, 'e3', 'O-O');

insert into Move
values
('00021', 7, 'Nf3', 'h6');

insert into Move
values
('00021', 8, 'Bd3', 'a6');

insert into Move
values
('00021', 9, 'b3', 'dxc4');

insert into Move
values
('00021', 10, 'Bxc4', 'b5');

insert into Move
values
('00021', 11, 'Be2', 'Nd5');

insert into Move
values
('00021', 12, 'Bb2', 'Bb7');

insert into Move
values
('00021', 13, 'Rc1', 'c6');

insert into Move
values
('00021', 14, 'Qd2', 'a5');

insert into Move
values
('00021', 15, 'a3', 'b4');

insert into Move
values
('00021', 16, 'O-O', 'Ba6');

insert into Move
values
('00021', 17, 'Ne5', 'Bxe2');

insert into Move
values
('00021', 18, 'Qxe2', 'Ra6');

insert into Move
values
('00021', 19, 'e4', 'Nf4');

insert into Move
values
('00021', 20, 'Qg4', 'Nd3');

insert into Move
values
('00021', 21, 'Nxd3', 'f5');

insert into Move
values
('00021', 22, 'exf5', 'exf5');

insert into Move
values
('00021', 23, 'Qf3', 'bxa3');

insert into Move
values
('00021', 24, 'Bxa3', 'Rf6');

insert into Move
values
('00021', 25, 'Bb2', 'Qd5');

insert into Move
values
('00021', 26, 'Qxd5+', 'cxd5');

insert into Move
values
('00021', 27, 'Rc8+', 'Rf8');

insert into Move
values
('00021', 28, 'Rfc1', 'Nd7');

insert into Move
values
('00021', 29, 'g3', 'Rb6');

insert into Move
values
('00021', 30, 'Rxf8+', 'Kxf8');

insert into Move
values
('00021', 31, 'Nc5', 'Nf6');

insert into Move
values
('00021', 32, 'Ba3', 'Kf7');

insert into Move
values
('00021', 33, 'Kg2', 'Ne4');

insert into Move
values
('00021', 34, 'Nxe4', 'dxe4');

insert into Move
values
('00021', 35, 'Rc3', 'g5');

insert into Move
values
('00021', 36, 'f3', 'Ke6');

insert into Move
values
('00021', 37, 'Bc5', 'Rb5');

insert into Move
values
('00021', 38, 'fxe4', 'fxe4');

insert into Move
values
('00021', 39, 'Kf2', 'g4');

insert into Move
values
('00021', 40, 'Ke3', 'Kf5');

insert into Move
values
('00021', 41, 'Bd6', 'Rb6');

insert into Move
values
('00021', 42, 'Bc7', 'Ra6');

insert into Move
values
('00021', 43, 'Rc5+', 'Kg6');

insert into Move
values
('00021', 44, 'Kxe4', 'a4');

insert into Move
values
('00021', 45, 'Ra5', 'Rc6');

insert into Move
values
('00021', 46, 'Rc5', 'Ra6');

insert into Move
values
('00021', 47, 'bxa4', 'Rxa4');

insert into Move
values
('00021', 48, 'Rc2', 'Rb4');

insert into Move
values
('00021', 49, 'Ke5', 'Rb5+');

insert into Move
values
('00021', 50, 'd5', 'h5');

insert into Move
values
('00021', 51, 'Ke6', 'Rb3');

insert into Move
values
('00021', 52, 'd6', 'Re3+');

insert into Move
values
('00021', 53, 'Kd7', 'Kf7');

insert into Move
values
('00021', 54, 'Rf2+', 'Rf3');

insert into Move
values
('00021', 55, 'Re2', 'Kg6');

insert into Move
values
('00021', 56, 'Kc8', 'Rf8+');

insert into Move
values
('00021', 57, 'Bd8', 'Kg7');

insert into Move
values
('00021', 58, 'd7', 'Kg6');

insert into Move
values
('00021', 59, 'Kc7', 'Rf3');

insert into Move
values
('00021', 60, 'Bh4', 'Rc3+');

insert into Move
values
('00021', 61, 'Kd8', 'Kf7');

insert into Move
values
('00021', 62, 'Re7+', 'Kf8');

insert into Move
values
('00021', 63, 'Re5', 'Rc2');

insert into Move
values
('00021', 64, 'Rxh5', 'Rxh2');

--Game 22

insert into Move
values
('00022', 1, 'Nf3', 'd5');

insert into Move
values
('00022', 2, 'g3', 'Nf6');

insert into Move
values
('00022', 3, 'Bg2', 'e5');

insert into Move
values
('00022', 4, 'd3', 'Nc6');

insert into Move
values
('00022', 5, 'O-O', 'Be6');

insert into Move
values
('00022', 6, 'Bg5', 'Be7');

insert into Move
values
('00022', 7, 'Nbd2', 'h6');

insert into Move
values
('00022', 8, 'Bxf6', 'Bxf6');

insert into Move
values
('00022', 9, 'e4', 'd4');

insert into Move
values
('00022', 10, 'c4', 'Qd7');

insert into Move
values
('00022', 11, 'a3', 'Ke7');

insert into Move
values
('00022', 12, 'b4', 'Rag8');

insert into Move
values
('00022', 13, 'b5', 'Nd8');

insert into Move
values
('00022', 14, 'a4', 'c6');

insert into Move
values
('00022', 15, 'Nb3', 'b6');

insert into Move
values
('00022', 16, 'a5', 'c5');

insert into Move
values
('00022', 17, 'axb6', 'axb6');

insert into Move
values
('00022', 18, 'Ra6', 'Qc7');

insert into Move
values
('00022', 19, 'Qa1', 'Nb7');

insert into Move
values
('00022', 20, 'Ra7', 'Qb8');

insert into Move
values
('00022', 21, 'Qa6', 'Bc8');

insert into Move
values
('00022', 22, 'Qxb6', 'Rd8');

insert into Move
values
('00022', 23, 'Nxc5', 'Rd6');

insert into Move
values
('00022', 24, 'Rxb7+', 'Bxb7');

insert into Move
values
('00022', 25, 'Qxb7+', 'Qxb7');

insert into Move
values
('00022', 26, 'Nxb7', 'Rd7');

insert into Move
values
('00022', 27, 'Nc5', 'Rc7');

insert into Move
values
('00022', 28, 'Na6', 'Rb7');

insert into Move
values
('00022', 29, 'Nd2', 'h5');

insert into Move
values
('00022', 30, 'f4', 'exf4');

insert into Move
values
('00022', 31, 'e5', 'Bxe5');

insert into Move
values
('00022', 32, 'Bxb7', 'fxg3');

insert into Move
values
('00022', 33, 'hxg3', 'h4');

insert into Move
values
('00022', 34, 'g4', 'h3');

insert into Move
values
('00022', 35, 'Ne4', 'Rh4');

insert into Move
values
('00022', 36, 'Bd5', 'Rxg4+');

insert into Move
values
('00022', 37, 'Kf2', 'Bf4');

insert into Move
values
('00022', 38, 'b6', 'Rg2+');

insert into Move
values
('00022', 39, 'Kf3', 'Be3');

insert into Move
values
('00022', 40, 'Rh1', 'Ra2');

insert into Move
values
('00022', 41, 'b7', 'Rxa6');

insert into Move
values
('00022', 42, 'b8=Q', 'f5');

insert into Move
values
('00022', 43, 'Qe5+', 'Kd8');


-- End Move table (2890 lines to the top.) --


